Date,威盛,力特,華新科,神基,微星,研華,力成,健鼎,啟碁,華通,日月光投控,三陽工業,致茂,長榮航,新唐,和潤企業,寶成,年興,士電
2022-12-30 00:00:00+08:00,67.17674255371094,16.320159912109375,77.01885986328125,41.14555740356445,114.90116119384766,293.25445556640625,74.18280029296875,88.30650329589844,75.26307678222656,41.90776443481445,87.1597671508789,33.05972671508789,175.51473999023438,27.584115982055664,109.33098602294922,90.44612121582031,32.77042007446289,19.04111671447754,59.7553825378418
2023-01-03 00:00:00+08:00,68.97344207763672,16.65322494506836,77.2138442993164,40.77277374267578,117.78571319580078,295.9123840332031,75.58778381347656,89.15199279785156,75.74307250976562,42.89659881591797,87.80951690673828,33.15739440917969,176.48443603515625,27.584115982055664,112.18309783935547,89.11602783203125,32.09967803955078,19.086559295654297,60.249229431152344
2023-01-04 00:00:00+08:00,69.17308044433594,16.65322494506836,78.8712158203125,41.33194351196289,117.3049545288086,298.1272888183594,74.74479675292969,89.24593353271484,77.18305206298828,42.708248138427734,86.97412109375,33.40155792236328,177.93898010253906,27.63311195373535,111.70774841308594,89.11602783203125,32.53086853027344,19.26833724975586,61.928306579589844
2023-01-05 00:00:00+08:00,68.67399597167969,16.7008056640625,78.96870422363281,41.425140380859375,118.74723052978516,302.1141357421875,74.46379852294922,92.34606170654297,76.4150619506836,42.09611511230469,87.80951690673828,33.40155792236328,180.84805297851562,27.437131881713867,109.80633544921875,89.55940246582031,32.09967803955078,19.359224319458008,68.052001953125
2023-01-06 00:00:00+08:00,69.57234191894531,16.79596710205078,80.3335952758789,41.425140380859375,119.22798919677734,299.4562072753906,75.21312713623047,91.31268310546875,77.75904846191406,41.71941375732422,89.85160064697266,33.49922180175781,187.63592529296875,27.486125946044922,112.18309783935547,90.00276184082031,32.243412017822266,19.26833724975586,66.96553802490234
2023-01-09 00:00:00+08:00,70.57051086425781,16.891128540039062,83.4533462524414,41.518333435058594,121.15101623535156,306.9869384765625,76.43077087402344,93.56731414794922,77.95104217529297,42.47281265258789,93.7501220703125,33.743385314941406,187.63592529296875,27.73110008239746,117.41197204589844,90.88948822021484,32.674598693847656,19.31378173828125,64.0024642944336
2023-01-10 00:00:00+08:00,70.17124938964844,16.938709259033203,83.84331512451172,41.61153030395508,121.63177490234375,306.5439453125,76.7117691040039,94.41280364990234,77.66304779052734,42.09611511230469,94.2142333984375,33.645721435546875,187.63592529296875,27.73110008239746,117.41197204589844,91.33284759521484,32.818328857421875,19.04111671447754,61.53322982788086
2023-01-11 00:00:00+08:00,69.17308044433594,16.74838638305664,83.4533462524414,41.425140380859375,120.67025756835938,296.79833984375,75.58778381347656,93.9430923461914,78.52703857421875,41.436893463134766,93.2860107421875,33.20622634887695,175.51473999023438,27.78009605407715,119.3133773803711,93.54966735839844,32.4350471496582,18.99567222595215,61.03938293457031
2023-01-12 00:00:00+08:00,67.97527313232422,16.462902069091797,83.6483383178711,41.33194351196289,120.67025756835938,291.4825439453125,75.40045166015625,92.06422424316406,78.71903228759766,41.53106689453125,93.7501220703125,33.40155792236328,182.78744506835938,27.78009605407715,119.3133773803711,93.1063003540039,32.53086853027344,18.99567222595215,60.44676971435547
2023-01-13 00:00:00+08:00,66.87728881835938,16.272581100463867,81.990966796875,41.378543853759766,120.67025756835938,296.3553466796875,75.02578735351562,92.15817260742188,77.95104217529297,40.96601867675781,93.7501220703125,33.352725982666016,180.84805297851562,28.074064254760742,117.88732147216797,92.2195816040039,32.722511291503906,19.086559295654297,60.74307632446289
2023-01-16 00:00:00+08:00,66.87728881835938,16.177419662475586,82.38093566894531,41.425140380859375,120.67025756835938,306.9869384765625,75.4941177368164,92.7218246459961,78.62303924560547,41.436893463134766,93.7501220703125,33.15739440917969,177.45413208007812,27.927080154418945,119.3133773803711,92.6629409790039,32.48295974731445,19.132003784179688,61.03938293457031
2023-01-17 00:00:00+08:00,66.47801971435547,16.177419662475586,81.89347076416016,42.0775032043457,122.59329223632812,299.4562072753906,75.40045166015625,92.34606170654297,78.33503723144531,41.67232894897461,94.2142333984375,33.303890228271484,175.51473999023438,27.829090118408203,119.78873443603516,92.2195816040039,32.86623764038086,19.177448272705078,61.928306579589844
2023-01-30 00:00:00+08:00,68.27472686767578,16.74838638305664,85.50067901611328,42.35708999633789,127.88162994384766,311.416748046875,76.7117691040039,93.003662109375,78.9110336303711,42.47281265258789,97.46299743652344,34.42704391479492,178.42381286621094,28.31903839111328,124.06690216064453,93.1063003540039,32.818328857421875,19.22289276123047,62.71846008300781
2023-01-31 00:00:00+08:00,69.37271118164062,16.986289978027344,87.64551544189453,42.4036865234375,125.9585952758789,302.1141357421875,78.21041107177734,93.003662109375,78.33503723144531,42.89659881591797,92.8218994140625,34.18288040161133,179.3935089111328,28.417028427124023,123.11619567871094,93.54966735839844,32.86623764038086,19.31378173828125,64.29876708984375
2023-02-01 00:00:00+08:00,70.07142639160156,17.271774291992188,96.32232666015625,42.823062896728516,128.8431396484375,306.5439453125,81.30136108398438,94.88252258300781,80.15901947021484,43.838348388671875,94.67833709716797,34.18288040161133,180.3632049560547,29.347932815551758,135.0,93.54966735839844,32.4350471496582,19.359224319458008,63.8049201965332
2023-02-02 00:00:00+08:00,76.85897064208984,18.31854820251465,98.9546127319336,43.382232666015625,127.88162994384766,312.3027038574219,82.05067443847656,97.23109436035156,82.07899475097656,44.02669906616211,95.60655975341797,34.76887130737305,185.696533203125,28.759994506835938,139.75352478027344,93.99302673339844,32.195499420166016,19.31378173828125,65.08892059326172
2023-02-03 00:00:00+08:00,72.06775665283203,18.984678268432617,97.49223327636719,43.428829193115234,126.92011260986328,318.94744873046875,83.17466735839844,96.76138305664062,81.88700103759766,44.02669906616211,98.3912124633789,34.866539001464844,184.72683715820312,28.71099853515625,144.0316925048828,93.99302673339844,32.53086853027344,19.31378173828125,64.79261016845703
2023-02-06 00:00:00+08:00,72.46702575683594,18.55645179748535,96.2248306274414,43.61521911621094,127.40087127685547,318.5044860839844,81.86334991455078,96.29166412353516,82.07899475097656,43.602909088134766,96.07067108154297,34.573543548583984,185.696533203125,28.85798454284668,141.17958068847656,95.7664794921875,32.195499420166016,19.4046688079834,65.48400115966797
2023-02-07 00:00:00+08:00,72.06775665283203,18.31854820251465,96.02984619140625,43.941402435302734,128.8431396484375,321.1623840332031,81.86334991455078,96.76138305664062,82.55899047851562,43.037864685058594,96.07067108154297,34.72003936767578,182.78744506835938,28.61301040649414,141.17958068847656,97.09657287597656,31.908039093017578,19.54100227355957,64.10123443603516
2023-02-08 00:00:00+08:00,74.3635482788086,17.985483169555664,96.2248306274414,44.407379150390625,127.40087127685547,322.9342956542969,82.6126708984375,96.29166412353516,82.27098846435547,43.602909088134766,98.3912124633789,34.866539001464844,186.66622924804688,28.515018463134766,146.408447265625,97.09657287597656,32.243412017822266,19.81366729736328,64.59507751464844
2023-02-09 00:00:00+08:00,75.1620864868164,17.890321731567383,92.42263793945312,44.59376525878906,126.92011260986328,318.5044860839844,82.42533874511719,95.82195281982422,81.7909927368164,43.037864685058594,98.3912124633789,34.81770706176758,184.72683715820312,28.466022491455078,143.0809783935547,96.20984649658203,32.0517692565918,19.90455436706543,64.79261016845703
2023-02-10 00:00:00+08:00,73.26556396484375,17.842741012573242,90.66777038574219,43.70841598510742,123.5548095703125,317.175537109375,81.86334991455078,94.88252258300781,79.96702575683594,43.037864685058594,98.3912124633789,34.671207427978516,184.2419891357422,27.87808609008789,140.22886657714844,97.09657287597656,31.812219619750977,19.859111785888672,64.39753723144531
2023-02-13 00:00:00+08:00,74.46336364746094,18.080644607543945,91.3502197265625,43.987998962402344,125.9585952758789,322.9342956542969,81.67601776123047,95.82195281982422,82.75098419189453,42.755340576171875,96.53477478027344,36.28268814086914,183.2722930908203,27.63311195373535,140.22886657714844,99.31339263916016,32.195499420166016,20.22266387939453,66.96553802490234
2023-02-14 00:00:00+08:00,73.56501007080078,17.890321731567383,93.30006408691406,44.03459548950195,127.88162994384766,326.921142578125,81.48868560791016,94.88252258300781,83.2309799194336,43.17912292480469,96.99888610839844,36.185020446777344,185.696533203125,28.270044326782227,138.3274688720703,98.87002563476562,33.00996780395508,20.631662368774414,66.86676788330078
2023-02-15 00:00:00+08:00,72.46702575683594,17.700000762939453,91.54520416259766,44.26758575439453,125.9585952758789,316.7325439453125,81.58235168457031,95.82195281982422,82.84698486328125,43.13203811645508,96.99888610839844,37.40583419799805,183.2722930908203,27.927080154418945,137.85211181640625,97.09657287597656,32.722511291503906,20.540775299072266,73.48430633544922
2023-02-16 00:00:00+08:00,74.06409454345703,18.270967483520508,97.97969055175781,43.987998962402344,130.28541564941406,320.7193908691406,81.58235168457031,96.76138305664062,84.094970703125,43.697086334228516,96.53477478027344,37.9429931640625,185.21168518066406,29.10295867919922,141.65492248535156,97.9832992553711,33.20161056518555,20.813438415527344,76.05230712890625
2023-02-17 00:00:00+08:00,73.7646484375,18.175806045532227,98.46715545654297,44.08119201660156,129.80465698242188,315.4035949707031,80.27104187011719,95.82195281982422,84.094970703125,43.885433197021484,94.67833709716797,38.48015594482422,187.1510772705078,28.71099853515625,137.3767547607422,97.5399398803711,32.86623764038086,20.949771881103516,83.65753173828125
2023-02-20 00:00:00+08:00,75.3617172241211,18.36612892150879,97.97969055175781,44.68696212768555,129.3238983154297,318.0614929199219,81.86334991455078,96.29166412353516,82.84698486328125,43.932525634765625,95.60655975341797,38.38248825073242,184.72683715820312,29.004968643188477,136.42605590820312,97.9832992553711,32.57877731323242,21.449657440185547,84.0526123046875
2023-02-21 00:00:00+08:00,80.1529312133789,18.794355392456055,98.46715545654297,44.453975677490234,129.80465698242188,316.28955078125,81.67601776123047,96.76138305664062,81.7909927368164,43.50873565673828,95.14244842529297,38.87081527709961,190.06015014648438,28.31903839111328,138.3274688720703,97.5399398803711,32.195499420166016,21.222436904907227,84.44769287109375
2023-02-22 00:00:00+08:00,76.06043243408203,18.31854820251465,95.63987731933594,44.453975677490234,131.24693298339844,317.175537109375,81.95701599121094,96.29166412353516,80.83100891113281,43.27330017089844,95.14244842529297,38.528987884521484,189.0904541015625,27.927080154418945,135.47535705566406,97.09657287597656,32.147586822509766,21.222436904907227,81.28707885742188
2023-02-23 00:00:00+08:00,83.64652252197266,18.175806045532227,98.46715545654297,45.24612808227539,136.0545196533203,318.94744873046875,82.05067443847656,96.76138305664062,80.92700958251953,43.22621536254883,96.07067108154297,39.212646484375,191.5146942138672,27.97607421875,142.13027954101562,97.5399398803711,32.0517692565918,21.3587703704834,81.48461151123047
2023-02-24 00:00:00+08:00,90.63369750976562,18.175806045532227,97.97969055175781,45.851898193359375,131.72769165039062,316.28955078125,82.51900482177734,98.64024353027344,81.02301025390625,42.943687438964844,98.3912124633789,38.87081527709961,178.90866088867188,27.73110008239746,140.22886657714844,98.4266586303711,32.195499420166016,21.313325881958008,79.60799407958984
2023-03-01 00:00:00+08:00,89.53570556640625,17.890321731567383,94.66495513916016,48.18177032470703,133.65072631835938,315.8465881347656,82.70633697509766,97.23109436035156,80.92700958251953,43.32038879394531,98.3912124633789,38.43132019042969,173.0904998779297,27.486125946044922,142.13027954101562,97.5399398803711,32.0517692565918,21.040658950805664,78.91661834716797
2023-03-02 00:00:00+08:00,87.739013671875,18.080644607543945,93.49504852294922,48.74094009399414,133.65072631835938,309.20184326171875,83.45565795898438,99.1099624633789,81.11900329589844,43.74417495727539,100.2476577758789,38.48015594482422,173.0904998779297,27.73110008239746,140.7042236328125,98.4266586303711,32.38713836669922,21.131547927856445,79.21292114257812
2023-03-03 00:00:00+08:00,84.84432220458984,18.080644607543945,95.15241241455078,50.698036193847656,134.13148498535156,317.6185302734375,83.26832580566406,99.57967376708984,81.5989990234375,44.02669906616211,100.2476577758789,38.528987884521484,173.0904998779297,27.78009605407715,143.0809783935547,99.75675201416016,32.53086853027344,21.404212951660156,79.31169128417969
2023-03-06 00:00:00+08:00,89.33607482910156,18.55645179748535,99.44207763671875,51.35039520263672,134.61224365234375,314.07464599609375,83.92398071289062,100.04939270019531,83.80697631835938,43.4145622253418,101.17587280273438,39.261478424072266,177.45413208007812,27.73110008239746,144.0316925048828,100.20011901855469,32.57877731323242,21.495101928710938,81.28707885742188
2023-03-07 00:00:00+08:00,87.43955993652344,18.651613235473633,99.44207763671875,52.748321533203125,135.57376098632812,319.83343505859375,85.42262268066406,101.45853424072266,85.82295227050781,44.16796112060547,102.56819915771484,40.04280090332031,175.02989196777344,27.73110008239746,141.17958068847656,101.97357177734375,32.77042007446289,21.631433486938477,84.0526123046875
2023-03-08 00:00:00+08:00,87.1401138305664,18.746774673461914,97.97969055175781,54.05305099487305,134.13148498535156,314.51763916015625,85.14163208007812,102.39796447753906,85.15095520019531,44.26213455200195,101.63998413085938,40.67762756347656,174.06019592285156,27.73110008239746,142.6056365966797,103.30365753173828,32.62668991088867,21.131547927856445,83.8550796508789
2023-03-09 00:00:00+08:00,95.82417297363281,18.080644607543945,96.2248306274414,53.307491302490234,133.65072631835938,314.51763916015625,84.29864501953125,104.2768325805664,84.86296081542969,43.791259765625,101.17587280273438,40.67762756347656,172.60565185546875,28.172054290771484,141.17958068847656,101.08683776855469,32.09967803955078,20.949771881103516,82.86738586425781
2023-03-10 00:00:00+08:00,94.62637329101562,17.414514541625977,92.91009521484375,53.49388122558594,131.72769165039062,312.7457275390625,83.64299011230469,101.45853424072266,83.03898620605469,42.61407470703125,99.3194351196289,39.261478424072266,169.69656372070312,27.143163681030273,137.85211181640625,103.30365753173828,31.812219619750977,20.313552856445312,80.20061492919922
2023-03-13 00:00:00+08:00,92.72985076904297,17.36693572998047,92.61761474609375,52.93471145629883,132.689208984375,313.6316833496094,84.57964324951172,101.45853424072266,84.67095947265625,42.519901275634766,100.71176147460938,39.70097351074219,168.2420196533203,27.241151809692383,138.3274688720703,106.4072036743164,31.572669982910156,20.995216369628906,79.8055419921875
2023-03-14 00:00:00+08:00,87.83882141113281,17.414514541625977,91.15523529052734,53.12110137939453,131.24693298339844,308.7588806152344,83.26832580566406,101.92825317382812,84.28697204589844,41.90776443481445,99.3194351196289,39.06614685058594,162.90870666503906,25.96728515625,139.75352478027344,104.19039154052734,31.04566192626953,20.995216369628906,79.41046142578125
2023-03-15 00:00:00+08:00,89.4358901977539,17.414514541625977,92.32514190673828,52.65512466430664,133.65072631835938,314.51763916015625,82.89366912841797,102.86768341064453,84.9589614868164,41.625244140625,100.71176147460938,38.87081527709961,162.42385864257812,26.163265228271484,139.75352478027344,107.29393005371094,30.758197784423828,21.040658950805664,80.89199829101562
2023-03-16 00:00:00+08:00,88.4377212524414,17.033870697021484,90.57028198242188,52.748321533203125,137.0160369873047,318.0614929199219,81.86334991455078,98.64024353027344,82.55899047851562,40.589317321777344,100.2476577758789,37.894161224365234,158.54507446289062,25.232362747192383,137.3767547607422,105.07711029052734,30.66238021850586,20.722549438476562,78.8178482055664
2023-03-17 00:00:00+08:00,89.63552856445312,16.986289978027344,90.57028198242188,52.282344818115234,139.41983032226562,321.6053771972656,83.26832580566406,101.92825317382812,83.13497924804688,40.77766799926758,101.63998413085938,37.99182891845703,159.02992248535156,25.575326919555664,140.7042236328125,104.63375091552734,29.608360290527344,20.858884811401367,79.21292114257812
2023-03-20 00:00:00+08:00,91.63186645507812,17.271774291992188,91.74018859863281,51.53678512573242,135.09300231933594,317.175537109375,84.01764678955078,99.57967376708984,83.61497497558594,41.71941375732422,101.63998413085938,37.84532928466797,159.99961853027344,25.673316955566406,140.7042236328125,104.63375091552734,29.847909927368164,20.813438415527344,80.4969253540039
2023-03-21 00:00:00+08:00,88.93680572509766,17.890321731567383,91.83767700195312,51.53678512573242,134.61224365234375,319.83343505859375,84.01764678955078,101.45853424072266,84.47896575927734,42.28446578979492,99.3194351196289,37.64999771118164,162.90870666503906,25.62432098388672,139.75352478027344,104.19039154052734,29.65627098083496,20.858884811401367,81.97846221923828
2023-03-22 00:00:00+08:00,89.33607482910156,18.080644607543945,92.8125991821289,51.72317886352539,138.93907165527344,326.4781494140625,84.67330169677734,102.39796447753906,84.9589614868164,42.47281265258789,101.17587280273438,38.38248825073242,165.8177947998047,26.065275192260742,142.6056365966797,105.96383666992188,29.608360290527344,20.813438415527344,80.99076843261719
2023-03-23 00:00:00+08:00,89.33607482910156,18.36612892150879,93.78752136230469,52.56193161010742,138.45831298828125,335.7807922363281,84.48596954345703,102.86768341064453,86.01494598388672,42.09611511230469,102.56819915771484,37.9429931640625,173.57534790039062,26.065275192260742,151.6373291015625,105.52047729492188,29.56045150756836,20.722549438476562,81.6821517944336
2023-03-24 00:00:00+08:00,89.4358901977539,18.55645179748535,95.54238891601562,52.93471145629883,138.45831298828125,336.6667785644531,84.67330169677734,105.21626281738281,86.01494598388672,42.99077606201172,103.03231048583984,37.9429931640625,175.9995880126953,25.869295120239258,147.83450317382812,105.52047729492188,29.41672134399414,20.813438415527344,81.78092193603516
2023-03-27 00:00:00+08:00,89.53570556640625,18.651613235473633,94.177490234375,52.189151763916016,137.97755432128906,334.89483642578125,85.14163208007812,106.15569305419922,89.0869140625,43.27330017089844,101.17587280273438,38.919647216796875,173.0904998779297,26.065275192260742,144.0316925048828,105.52047729492188,29.752090454101562,20.995216369628906,82.37354278564453
2023-03-28 00:00:00+08:00,83.94596862792969,18.223386764526367,92.42263793945312,51.81637191772461,137.0160369873047,332.2369384765625,84.39230346679688,104.74654388427734,88.03092193603516,42.89659881591797,101.63998413085938,37.601165771484375,172.1208038330078,26.163265228271484,138.8028106689453,104.63375091552734,29.512540817260742,20.858884811401367,79.8055419921875
2023-03-29 00:00:00+08:00,83.1474380493164,18.223386764526367,91.74018859863281,53.20000076293945,137.49679565429688,332.2369384765625,83.83031463623047,105.68597412109375,90.62289428710938,43.13203811645508,103.49642181396484,38.187156677246094,173.0904998779297,26.604217529296875,135.95069885253906,106.4072036743164,29.9437313079834,20.904327392578125,80.0030746459961
2023-03-30 00:00:00+08:00,84.64469146728516,18.746774673461914,93.1050796508789,54.70000076293945,137.97755432128906,329.57904052734375,85.51629638671875,105.68597412109375,99.35877990722656,43.602909088134766,104.42463684082031,38.13832473754883,172.60565185546875,26.457233428955078,141.17958068847656,106.85057067871094,30.087459564208984,20.904327392578125,80.0030746459961
2023-03-31 00:00:00+08:00,85.84249114990234,18.50887107849121,94.27498626708984,53.5,138.45831298828125,328.6930847167969,85.23529815673828,105.21626281738281,99.35877990722656,43.64999771118164,104.42463684082031,38.08949279785156,172.1208038330078,26.31024932861328,142.13027954101562,106.85057067871094,29.89582061767578,20.949771881103516,79.015380859375
2023-04-06 00:00:00+08:00,85.3434066772461,18.223386764526367,92.32514190673828,54.70000076293945,139.41983032226562,317.6185302734375,86.17194366455078,106.15569305419922,96.95880889892578,43.50873565673828,104.42463684082031,38.626651763916016,172.1208038330078,25.918291091918945,140.7042236328125,106.85057067871094,29.512540817260742,20.767995834350586,79.11415100097656
2023-04-07 00:00:00+08:00,85.24359130859375,17.985483169555664,92.32514190673828,55.599998474121094,138.45831298828125,312.7457275390625,85.79728698730469,105.68597412109375,95.90282440185547,43.697086334228516,102.56819915771484,40.189300537109375,175.02989196777344,25.96728515625,140.22886657714844,106.85057067871094,29.752090454101562,20.631662368774414,80.89199829101562
2023-04-10 00:00:00+08:00,87.23992919921875,18.223386764526367,97.49223327636719,55.70000076293945,140.38133239746094,317.175537109375,86.73393249511719,106.15569305419922,95.32683563232422,44.16796112060547,101.17587280273438,44.193580627441406,171.63595581054688,26.016279220581055,141.65492248535156,107.73729705810547,29.9437313079834,20.722549438476562,84.0526123046875
2023-04-11 00:00:00+08:00,85.44322204589844,18.223386764526367,99.92953491210938,57.0,140.86209106445312,322.9342956542969,87.10859680175781,107.56483459472656,94.46284484863281,44.120872497558594,101.17587280273438,44.437744140625,172.60565185546875,26.261253356933594,142.6056365966797,114.38774871826172,30.231189727783203,20.767995834350586,86.22554016113281
2023-04-12 00:00:00+08:00,85.3434066772461,18.31854820251465,107.241455078125,57.599998474121094,140.86209106445312,329.57904052734375,87.10859680175781,106.62540435791016,94.558837890625,43.64999771118164,101.17587280273438,48.83268356323242,171.63595581054688,26.065275192260742,142.6056365966797,113.94438171386719,30.80611228942871,20.813438415527344,94.8184585571289
2023-04-13 00:00:00+08:00,82.04944610595703,18.128225326538086,106.26653289794922,57.0,140.38133239746094,328.6930847167969,86.5466079711914,108.03455352783203,92.06287384033203,44.0,96.07067108154297,46.342220306396484,174.06019592285156,26.702207565307617,139.75352478027344,113.94438171386719,30.566560745239258,20.904327392578125,90.86769104003906
2023-04-14 00:00:00+08:00,82.04944610595703,18.270967483520508,107.72891235351562,57.099998474121094,141.3428497314453,330.02203369140625,87.67058563232422,108.97398376464844,95.23082733154297,44.099998474121094,97.92710876464844,50.8836555480957,172.60565185546875,26.751203536987305,141.17958068847656,117.04792785644531,30.710289001464844,20.949771881103516,91.95415496826172
2023-04-17 00:00:00+08:00,81.94963073730469,18.746774673461914,104.31668853759766,58.5,141.8236083984375,333.1228942871094,87.38959503173828,108.97398376464844,94.65483856201172,44.54999923706055,98.3912124633789,53.12996292114258,171.63595581054688,26.506227493286133,141.65492248535156,119.26473999023438,30.470739364624023,21.040658950805664,95.80615234375
2023-04-18 00:00:00+08:00,80.3525619506836,18.841934204101562,103.34176635742188,58.900001525878906,141.8236083984375,328.6930847167969,87.10859680175781,108.97398376464844,93.79084777832031,44.599998474121094,97.92710876464844,51.957977294921875,172.60565185546875,26.114269256591797,139.75352478027344,117.04792785644531,30.51865005493164,20.813438415527344,95.50984191894531
2023-04-19 00:00:00+08:00,79.25457763671875,18.60403060913086,100.41699981689453,61.5,140.86209106445312,331.3509521484375,84.67330169677734,110.85284423828125,96.47882080078125,43.79999923706055,96.07067108154297,52.73929977416992,168.72686767578125,26.114269256591797,136.42605590820312,117.93464660644531,30.327009201049805,20.904327392578125,96.59630584716797
2023-04-20 00:00:00+08:00,77.65750885009766,18.080644607543945,99.44207763671875,59.20000076293945,139.41983032226562,325.1492004394531,84.11131286621094,108.03455352783203,93.21485900878906,43.70000076293945,96.07067108154297,51.76264572143555,170.18141174316406,25.72231101989746,135.47535705566406,115.71783447265625,29.80000114440918,20.904327392578125,93.92953491210938
2023-04-21 00:00:00+08:00,76.55951690673828,17.46209716796875,94.66495513916016,57.900001525878906,138.45831298828125,317.175537109375,84.2049789428711,109.4437026977539,88.79891204833984,43.0,95.14244842529297,52.250972747802734,172.60565185546875,25.477336883544922,132.14788818359375,112.61428833007812,30.087459564208984,20.722549438476562,91.26277160644531
2023-04-24 00:00:00+08:00,77.05860137939453,17.414514541625977,94.27498626708984,59.400001525878906,137.49679565429688,325.1492004394531,86.17194366455078,107.56483459472656,88.60691833496094,41.75,94.67833709716797,51.664981842041016,171.15110778808594,25.428342819213867,132.14788818359375,114.38774871826172,30.42283058166504,20.767995834350586,100.25077056884766
2023-04-25 00:00:00+08:00,73.3653793334961,17.033870697021484,90.96025085449219,57.099998474121094,135.57376098632812,317.175537109375,85.984619140625,106.62540435791016,86.39894104003906,41.54999923706055,94.2142333984375,51.957977294921875,167.75717163085938,25.13437271118164,123.59154510498047,113.05765533447266,30.18328094482422,20.677106857299805,92.84307861328125
2023-04-26 00:00:00+08:00,72.86629486083984,17.224193572998047,91.64269256591797,56.599998474121094,137.49679565429688,321.6053771972656,84.86063385009766,106.62540435791016,87.64692687988281,42.29999923706055,93.2860107421875,51.957977294921875,172.60565185546875,25.0363826751709,124.06690216064453,116.60456085205078,30.566560745239258,20.813438415527344,96.7938461303711
2023-04-27 00:00:00+08:00,73.46519470214844,17.224193572998047,91.3502197265625,57.20000076293945,139.41983032226562,324.70623779296875,85.79728698730469,107.56483459472656,87.26293182373047,43.099998474121094,93.7501220703125,52.543968200683594,173.57534790039062,25.820301055908203,123.11619567871094,116.16120147705078,30.566560745239258,20.813438415527344,95.90492248535156
2023-04-28 00:00:00+08:00,73.86446380615234,17.271774291992188,93.0075912475586,58.79999923706055,139.90057373046875,328.6930847167969,85.984619140625,108.03455352783203,88.70291137695312,43.099998474121094,93.7501220703125,53.42295837402344,184.2419891357422,26.31024932861328,126.44366455078125,117.49128723144531,30.42283058166504,20.813438415527344,99.26307678222656
2023-05-02 00:00:00+08:00,75.26190185546875,17.176612854003906,93.49504852294922,59.5,137.49679565429688,327.80712890625,86.5466079711914,109.91341400146484,91.1028823852539,43.29999923706055,93.2860107421875,57.13424301147461,185.696533203125,26.506227493286133,124.54225158691406,120.1514663696289,30.231189727783203,20.858884811401367,109.13999938964844
2023-05-03 00:00:00+08:00,74.3635482788086,17.319355010986328,92.22764587402344,59.79999923706055,138.45831298828125,329.57904052734375,86.64027404785156,108.97398376464844,90.91088104248047,43.25,94.2142333984375,56.35292053222656,177.93898010253906,26.55522346496582,126.91901397705078,119.26473999023438,30.18328094482422,20.904327392578125,112.10307312011719
2023-05-04 00:00:00+08:00,73.86446380615234,17.319355010986328,91.93517303466797,61.20000076293945,139.90057373046875,336.6667785644531,88.138916015625,109.91341400146484,91.77487182617188,43.349998474121094,95.60655975341797,58.599220275878906,183.75714111328125,26.408239364624023,125.0176010131836,117.93464660644531,30.51865005493164,20.949771881103516,112.596923828125
2023-05-05 00:00:00+08:00,74.66300201416016,17.224193572998047,99.44207763671875,62.900001525878906,137.0160369873047,336.6667785644531,88.32624816894531,109.4437026977539,91.48688507080078,43.150001525878906,95.60655975341797,57.81789779663086,184.2419891357422,26.506227493286133,126.91901397705078,114.83110809326172,30.51865005493164,20.995216369628906,111.6092300415039
2023-05-08 00:00:00+08:00,74.66300201416016,17.176612854003906,97.29724884033203,61.599998474121094,138.45831298828125,337.9956970214844,88.5135726928711,110.38313293457031,93.11885833740234,43.75,96.53477478027344,58.69688415527344,185.21168518066406,26.653213500976562,126.91901397705078,113.94438171386719,30.66238021850586,19.177448272705078,119.5107650756836
2023-05-09 00:00:00+08:00,72.86629486083984,16.7008056640625,96.5173110961914,60.599998474121094,140.38133239746094,341.0965881347656,88.79457092285156,109.91341400146484,91.96687316894531,43.75,96.99888610839844,56.84124755859375,184.72683715820312,26.604217529296875,120.26408386230469,115.27446746826172,30.27910041809082,18.904783248901367,118.52307891845703
2023-05-10 00:00:00+08:00,73.46519470214844,16.79596710205078,96.2248306274414,61.20000076293945,139.41983032226562,340.2106018066406,88.79457092285156,102.86768341064453,91.48688507080078,43.20000076293945,95.14244842529297,57.91556167602539,184.2419891357422,27.437131881713867,123.11619567871094,115.27446746826172,30.03955078125,19.086559295654297,114.57230377197266
2023-05-11 00:00:00+08:00,71.56867980957031,16.41532325744629,94.177490234375,60.599998474121094,140.86209106445312,340.65362548828125,88.5135726928711,100.51910400390625,82.36699676513672,42.400001525878906,96.07067108154297,56.0599250793457,177.93898010253906,27.094167709350586,117.88732147216797,110.84083557128906,29.847909927368164,18.904783248901367,109.63384246826172
2023-05-12 00:00:00+08:00,73.3653793334961,16.51048469543457,93.30006408691406,61.599998474121094,141.8236083984375,345.08343505859375,88.7009048461914,101.92825317382812,80.7350082397461,42.04999923706055,95.60655975341797,58.11089324951172,182.78744506835938,27.437131881713867,119.3133773803711,111.2842025756836,30.374921798706055,18.950227737426758,115.55999755859375
2023-05-15 00:00:00+08:00,73.06592559814453,16.74838638305664,92.8125991821289,60.79999923706055,146.1504364013672,341.9825439453125,88.32624816894531,101.92825317382812,81.02301025390625,42.20000076293945,95.60655975341797,59.86886978149414,181.8177490234375,27.241151809692383,116.46126556396484,110.84083557128906,30.087459564208984,18.768449783325195,112.596923828125
2023-05-16 00:00:00+08:00,75.46153259277344,16.7008056640625,95.73736572265625,61.79999923706055,148.55422973632812,349.95623779296875,88.7009048461914,103.80711364746094,83.13497924804688,41.79999923706055,96.53477478027344,59.38054275512695,184.2419891357422,27.486125946044922,115.51055908203125,111.72756958007812,29.9437313079834,18.859338760375977,113.5846176147461
2023-05-17 00:00:00+08:00,75.86080169677734,16.79596710205078,95.93235778808594,62.79999923706055,149.5157470703125,359.7018737792969,89.35655975341797,106.15569305419922,80.7350082397461,41.70000076293945,97.92710876464844,64.75214385986328,188.60562133789062,27.486125946044922,116.93661499023438,113.94438171386719,30.374921798706055,18.950227737426758,116.54769134521484
2023-05-18 00:00:00+08:00,76.06043243408203,16.7008056640625,97.49223327636719,64.5,152.88104248046875,348.6272888183594,89.7312240600586,106.62540435791016,80.92700958251953,42.099998474121094,101.17587280273438,66.99844360351562,190.06015014648438,27.73110008239746,119.3133773803711,114.83110809326172,30.51865005493164,19.132003784179688,127.9061508178711
2023-05-19 00:00:00+08:00,74.7628173828125,16.558063507080078,96.12733459472656,64.69999694824219,150.95802307128906,350.84222412109375,89.91854858398438,114.61056518554688,80.7350082397461,43.5,101.17587280273438,68.36576080322266,195.3934783935547,29.004968643188477,119.78873443603516,112.17092895507812,30.66238021850586,19.177448272705078,132.84461975097656
2023-05-22 00:00:00+08:00,76.95878601074219,16.891128540039062,97.97969055175781,66.5999984741211,151.91952514648438,355.71502685546875,88.88823699951172,117.89857482910156,81.7909927368164,42.75,102.10409545898438,70.22140502929688,194.90863037109375,30.082855224609375,120.73943328857422,114.83110809326172,31.28521156311035,19.31378173828125,135.3138427734375
2023-05-23 00:00:00+08:00,76.95878601074219,17.36693572998047,97.49223327636719,67.5,152.40028381347656,352.6141357421875,88.23257446289062,117.42886352539062,81.4070053100586,42.20000076293945,102.10409545898438,70.8073959350586,191.99954223632812,29.739891052246094,121.21479034423828,115.71783447265625,30.949838638305664,19.359224319458008,136.30154418945312
2023-05-24 00:00:00+08:00,76.3598861694336,17.224193572998047,97.49223327636719,68.5,154.8040771484375,354.38604736328125,89.16922760009766,115.08028411865234,81.98299407958984,42.599998474121094,100.71176147460938,70.61206817626953,188.60562133789062,30.37682342529297,118.36267852783203,114.83110809326172,31.04566192626953,19.359224319458008,138.27691650390625
2023-05-25 00:00:00+08:00,77.1584243774414,17.36693572998047,97.00476837158203,67.4000015258789,156.24635314941406,356.1579895019531,90.10588073730469,113.20142364501953,82.07899475097656,43.349998474121094,100.71176147460938,69.83074188232422,191.5146942138672,30.915767669677734,119.3133773803711,117.04792785644531,30.66238021850586,19.4046688079834,139.75845336914062
2023-05-26 00:00:00+08:00,75.86080169677734,17.033870697021484,97.97969055175781,67.4000015258789,162.97695922851562,354.38604736328125,91.79185485839844,109.91341400146484,82.55899047851562,44.25,102.56819915771484,68.56108856201172,210.4237518310547,31.65069007873535,119.3133773803711,118.37801361083984,30.758197784423828,19.359224319458008,136.79537963867188
2023-05-29 00:00:00+08:00,82.94779968261719,17.176612854003906,98.46715545654297,69.4000015258789,161.53469848632812,356.6009826660156,92.447509765625,117.89857482910156,83.99897003173828,44.29999923706055,101.17587280273438,72.46770477294922,219.63584899902344,32.924556732177734,124.06690216064453,117.04792785644531,30.710289001464844,19.45011329650879,141.7338409423828
2023-05-30 00:00:00+08:00,80.45237731933594,17.129032135009766,97.49223327636719,67.4000015258789,158.1693878173828,355.27203369140625,93.00950622558594,119.30772399902344,83.80697631835938,44.099998474121094,103.49642181396484,72.76070404052734,219.1510009765625,32.87556076049805,122.6408462524414,115.71783447265625,30.80611228942871,19.54100227355957,144.2030792236328
2023-05-31 00:00:00+08:00,80.65201568603516,17.985483169555664,101.39192199707031,69.19999694824219,159.61166381835938,360.58782958984375,93.57149505615234,120.71687316894531,83.99897003173828,44.099998474121094,103.49642181396484,77.74163055419922,225.93885803222656,33.26752471923828,122.6408462524414,115.27446746826172,30.327009201049805,19.4046688079834,147.16615295410156
2023-06-01 00:00:00+08:00,82.94779968261719,17.985483169555664,99.92953491210938,70.80000305175781,159.61166381835938,351.2851867675781,93.57149505615234,121.18658447265625,84.7669677734375,44.45000076293945,103.96053314208984,78.2299575805664,218.66615295410156,35.27631378173828,120.73943328857422,114.83110809326172,30.854021072387695,19.45011329650879,145.6846160888672
2023-06-02 00:00:00+08:00,84.1456069946289,17.937902450561523,102.85430145263672,72.4000015258789,164.89999389648438,350.84222412109375,95.07013702392578,119.30772399902344,84.9589614868164,44.349998474121094,108.13751220703125,86.0431900024414,212.36312866210938,35.71726608276367,120.73943328857422,117.04792785644531,30.80611228942871,19.49555778503418,154.57383728027344
2023-06-05 00:00:00+08:00,88.0384521484375,18.128225326538086,101.87937927246094,71.0,166.34226989746094,349.0702819824219,94.13348388671875,117.42886352539062,84.9589614868164,44.099998474121094,108.13751220703125,88.09416198730469,212.36312866210938,34.835357666015625,123.59154510498047,117.04792785644531,31.093570709228516,19.54100227355957,153.09230041503906
2023-06-06 00:00:00+08:00,87.3397445678711,18.175806045532227,96.5173110961914,72.0,166.82302856445312,351.7281799316406,93.6651611328125,117.89857482910156,83.9029769897461,44.5,112.77861022949219,89.36381530761719,216.7267608642578,35.12932586669922,120.73943328857422,121.03820037841797,30.90192985534668,19.63189125061035,151.11692810058594
2023-06-07 00:00:00+08:00,87.739013671875,18.033065795898438,96.61479949951172,70.5,171.630615234375,354.82904052734375,94.601806640625,119.30772399902344,86.49494171142578,44.099998474121094,116.02737426757812,92.29377746582031,221.09039306640625,34.88434982299805,122.6408462524414,123.2550048828125,30.80611228942871,19.81366729736328,154.57383728027344
2023-06-08 00:00:00+08:00,84.64469146728516,17.937902450561523,92.7151107788086,70.80000305175781,173.07289123535156,349.95623779296875,94.13348388671875,118.36829376220703,86.39894104003906,44.04999923706055,113.70683288574219,90.04747009277344,218.18130493164062,35.17832565307617,119.78873443603516,121.48155975341797,30.90192985534668,19.81366729736328,149.6353759765625
2023-06-09 00:00:00+08:00,87.739013671875,17.937902450561523,93.69003295898438,71.19999694824219,177.88046264648438,358.8158874511719,93.6651611328125,117.89857482910156,86.68694305419922,44.20000076293945,116.95559692382812,95.51673126220703,221.09039306640625,35.12932586669922,121.69013977050781,124.58509826660156,30.80611228942871,19.81366729736328,150.1292266845703
2023-06-12 00:00:00+08:00,83.746337890625,17.74757957458496,92.42263793945312,70.4000015258789,171.1498565673828,353.9430847167969,94.13348388671875,117.42886352539062,87.35893249511719,43.79999923706055,116.49148559570312,91.02412414550781,221.09039306640625,34.14942932128906,124.06690216064453,122.8116455078125,30.80611228942871,19.67733383178711,146.67230224609375
2023-06-13 00:00:00+08:00,84.04578399658203,17.842741012573242,93.69003295898438,71.9000015258789,175.47666931152344,362.802734375,94.601806640625,116.48943328857422,88.12692260742188,43.79999923706055,118.8120346069336,90.4381332397461,238.54489135742188,35.472293853759766,128.34506225585938,122.3682861328125,30.80611228942871,19.722780227661133,144.69691467285156
2023-06-14 00:00:00+08:00,81.84981536865234,17.795162200927734,93.30006408691406,72.80000305175781,172.1113739013672,362.3597412109375,95.07013702392578,114.61056518554688,88.79891204833984,43.650001525878906,115.56327056884766,89.55914306640625,238.54489135742188,38.85293960571289,124.06690216064453,125.91519165039062,30.758197784423828,19.76822280883789,141.7338409423828
2023-06-15 00:00:00+08:00,81.75,18.55645179748535,94.37248229980469,73.19999694824219,171.1498565673828,366.7895812988281,96.47511291503906,115.08028411865234,88.89491271972656,43.400001525878906,117.41970825195312,90.53579711914062,247.2721405029297,40.518760681152344,127.39436340332031,128.1320037841797,30.66238021850586,19.950000762939453,148.15383911132812
2023-06-16 00:00:00+08:00,84.5999984741211,18.55645179748535,93.3975601196289,71.5,171.1498565673828,369.0044860839844,97.88008880615234,115.08028411865234,90.2388916015625,43.45000076293945,116.49148559570312,89.65681457519531,250.1812286376953,39.391883850097656,125.0176010131836,129.46209716796875,30.80611228942871,20.086332321166992,154.0800018310547
2023-06-19 00:00:00+08:00,81.5999984741211,18.937095642089844,92.91009521484375,70.30000305175781,167.3037872314453,371.6623840332031,95.53845977783203,113.67113494873047,91.77487182617188,43.25,117.41970825195312,90.92646026611328,250.1812286376953,39.881832122802734,124.06690216064453,125.91519165039062,30.470739364624023,20.086332321166992,149.6353759765625
2023-06-20 00:00:00+08:00,80.5,18.651613235473633,92.42263793945312,72.0999984741211,167.3037872314453,361.47381591796875,96.47511291503906,112.73170471191406,91.29487609863281,43.29999923706055,117.41970825195312,89.36381530761719,247.2721405029297,39.04891586303711,123.11619567871094,124.14173889160156,30.42283058166504,19.99544334411621,152.1046142578125
2023-06-21 00:00:00+08:00,79.80000305175781,18.937095642089844,92.52012634277344,72.80000305175781,169.22682189941406,370.33343505859375,96.94343566894531,115.08028411865234,90.4308853149414,43.25,117.41970825195312,88.97315216064453,244.36305236816406,39.63685607910156,121.69013977050781,124.14173889160156,30.470739364624023,19.99544334411621,151.6107635498047
2023-06-26 00:00:00+08:00,78.30000305175781,18.60403060913086,92.42263793945312,71.0,168.74606323242188,358.3728942871094,98.34841918945312,112.26199340820312,89.56690216064453,43.75,116.95559692382812,86.238525390625,241.4539794921875,40.518760681152344,124.54225158691406,125.47183227539062,30.614471435546875,19.859111785888672,151.11692810058594
2023-06-27 00:00:00+08:00,76.69999694824219,18.746774673461914,91.25272369384766,71.0999984741211,167.3037872314453,358.3728942871094,97.88008880615234,112.26199340820312,88.89491271972656,44.099998474121094,115.09915924072266,83.01556396484375,237.09034729003906,38.411983489990234,121.69013977050781,125.02847290039062,30.374921798706055,19.90455436706543,142.72154235839844
2023-06-28 00:00:00+08:00,80.0,18.889516830444336,91.3502197265625,72.5,165.86151123046875,360.14483642578125,96.94343566894531,113.67113494873047,90.52689361572266,44.849998474121094,115.09915924072266,84.28521728515625,235.1509552001953,40.420772552490234,120.73943328857422,126.80191802978516,30.66238021850586,19.90455436706543,142.22769165039062
2023-06-29 00:00:00+08:00,80.0999984741211,18.794355392456055,94.37248229980469,66.30000305175781,167.3037872314453,355.27203369140625,98.34841918945312,114.14085388183594,92.63886260986328,44.79999923706055,113.70683288574219,84.28521728515625,238.54489135742188,39.63685607910156,121.69013977050781,127.68864440917969,30.374921798706055,19.859111785888672,145.19076538085938
2023-06-30 00:00:00+08:00,81.0,19.174999237060547,93.0075912475586,66.9000015258789,169.70758056640625,362.802734375,98.34841918945312,116.01971435546875,91.48688507080078,44.400001525878906,110.5,87.41050720214844,242.90850830078125,38.99992370605469,122.16548919677734,132.12228393554688,30.18328094482422,19.950000762939453,147.66000366210938
2023-07-03 00:00:00+08:00,81.5999984741211,19.50806427001953,94.08000183105469,68.5999984741211,173.07289123535156,380.96502685546875,99.7533950805664,116.48943328857422,98.39879608154297,44.900001525878906,111.0,84.57820892333984,248.7266845703125,39.29389190673828,122.6408462524414,132.56564331054688,30.327009201049805,20.100000381469727,152.1046142578125
2023-07-04 00:00:00+08:00,81.5999984741211,19.698387145996094,94.177490234375,68.80000305175781,172.1113739013672,387.5,100.22171783447266,117.42886352539062,99.35877990722656,44.95000076293945,111.0,85.26187133789062,263.7569580078125,39.391883850097656,128.82041931152344,134.33908081054688,30.135372161865234,20.200000762939453,148.15383911132812
2023-07-05 00:00:00+08:00,81.0,19.698387145996094,93.69003295898438,67.69999694824219,169.70758056640625,387.5,100.22171783447266,117.42886352539062,101.75875091552734,46.099998474121094,111.5,83.50389099121094,262.3023986816406,39.19590377807617,129.2957763671875,133.89572143554688,30.087459564208984,20.149999618530273,144.2030792236328
2023-07-06 00:00:00+08:00,83.80000305175781,19.745967864990234,92.42263793945312,68.0,169.22682189941406,382.0,98.81674194335938,117.42886352539062,103.19873809814453,45.5,108.5,83.21089172363281,255.9993896484375,38.99992370605469,127.39436340332031,132.56564331054688,29.512540817260742,20.149999618530273,148.15383911132812
2023-07-07 00:00:00+08:00,84.19999694824219,19.888708114624023,92.32514190673828,66.0999984741211,166.34226989746094,374.5,97.4117660522461,116.48943328857422,102.71874237060547,45.599998474121094,109.0,81.84358215332031,256.5,38.99992370605469,124.54225158691406,131.6789093017578,29.65627098083496,20.0,148.64768981933594
2023-07-10 00:00:00+08:00,86.9000015258789,19.841129302978516,91.93517303466797,65.0999984741211,168.74606323242188,370.5,98.34841918945312,116.95914459228516,108.47866821289062,44.849998474121094,108.0,81.15991973876953,251.5,38.90193557739258,124.54225158691406,132.56564331054688,29.56045150756836,20.0,151.11692810058594
2023-07-11 00:00:00+08:00,95.5,19.650806427001953,94.177490234375,65.0999984741211,172.59213256835938,379.0,98.81674194335938,116.01971435546875,116.15857696533203,45.599998474121094,109.5,80.28092956542969,261.0,39.489871978759766,126.91901397705078,134.782470703125,29.80000114440918,20.0,149.14154052734375
2023-07-12 00:00:00+08:00,105.0,19.603225708007812,93.20256805419922,66.0999984741211,174.99591064453125,383.0,98.81674194335938,115.55000305175781,116.0,45.75,110.0,78.91361999511719,271.5,40.07781219482422,125.0176010131836,138.77272033691406,29.850000381469727,20.049999237060547,156.54922485351562
2023-07-13 00:00:00+08:00,115.5,19.603225708007812,93.98251342773438,67.19999694824219,180.7650146484375,390.0,100.69004821777344,116.5,115.5,45.70000076293945,110.0,78.52295684814453,266.5,38.950927734375,126.44366455078125,142.5,29.799999237060547,19.950000762939453,150.62307739257812
2023-07-14 00:00:00+08:00,127.0,19.650806427001953,95.44489288330078,68.0,177.88046264648438,400.0,102.56334686279297,116.0,117.0,45.70000076293945,115.0,78.2299575805664,282.0,37.04999923706055,130.24647521972656,147.5,30.149999618530273,20.0,160.5
2023-07-17 00:00:00+08:00,130.0,20.983062744140625,97.97969055175781,72.5,180.7650146484375,403.0,104.43665313720703,116.5,118.0,48.5,115.0,77.05797576904297,267.5,37.04999923706055,131.1971893310547,150.0,30.25,19.950000762939453,163.5
2023-07-18 00:00:00+08:00,125.0,21.31612777709961,96.80978393554688,70.30000305175781,185.5725860595703,400.5,104.90497589111328,115.5,117.0,48.099998474121094,116.0,75.20233154296875,266.5,37.400001525878906,134.04930114746094,148.0,30.549999237060547,19.899999618530273,155.0
2023-07-19 00:00:00+08:00,127.5,21.887096405029297,96.02984619140625,69.4000015258789,179.80349731445312,400.0,103.96832275390625,117.5,110.0,45.70000076293945,112.5,76.76497650146484,269.5,36.099998474121094,134.52464294433594,143.0,30.600000381469727,19.850000381469727,144.0
2023-07-20 00:00:00+08:00,135.0,24.0758056640625,97.29724884033203,68.4000015258789,178.84197998046875,396.5,103.5,129.0,109.0,45.45000076293945,113.5,81.062255859375,268.0,37.54999923706055,135.0,143.0,30.850000381469727,19.799999237060547,154.0
2023-07-21 00:00:00+08:00,148.5,23.599998474121094,94.85993957519531,69.30000305175781,184.1303253173828,402.5,104.43665313720703,131.0,109.0,45.0,110.5,76.27664947509766,279.5,37.099998474121094,133.0985870361328,142.0,30.799999237060547,19.700000762939453,157.5
2023-07-24 00:00:00+08:00,151.0,24.399999618530273,91.74018859863281,67.5999984741211,184.611083984375,400.0,103.96832275390625,144.0,112.0,44.650001525878906,110.5,75.29999542236328,275.5,36.75,133.0985870361328,143.0,31.0,19.600000381469727,151.0
2023-07-25 00:00:00+08:00,142.5,23.600000381469727,92.61761474609375,69.0999984741211,202.8798828125,407.0,103.03167724609375,150.0,109.0,45.95000076293945,114.5,78.0,279.0,36.900001525878906,132.14788818359375,145.0,31.100000381469727,19.600000381469727,151.5
2023-07-26 00:00:00+08:00,151.5,23.649999618530273,91.64269256591797,68.0,195.66851806640625,400.0,103.03167724609375,147.5,107.5,45.04999923706055,113.5,76.0999984741211,276.0,37.099998474121094,129.7711181640625,148.0,31.25,19.700000762939453,149.0
2023-07-27 00:00:00+08:00,144.0,25.100000381469727,93.49504852294922,67.80000305175781,188.45713806152344,395.0,104.43665313720703,146.5,108.0,45.04999923706055,114.0,77.4000015258789,270.0,37.849998474121094,132.6232452392578,145.0,31.25,19.799999237060547,153.0
2023-07-28 00:00:00+08:00,147.5,24.799999237060547,95.69999694824219,67.5999984741211,193.2647247314453,402.0,104.43665313720703,158.0,109.5,45.04999923706055,117.5,78.4000015258789,289.0,37.54999923706055,135.0,144.0,31.100000381469727,19.850000381469727,150.0
2023-07-31 00:00:00+08:00,133.0,24.899999618530273,94.9000015258789,67.69999694824219,187.01486206054688,391.5,103.5,169.0,111.5,45.5,114.5,78.9000015258789,276.0,36.75,140.0,142.0,31.25,19.75,148.0
2023-08-01 00:00:00+08:00,121.5,25.299999237060547,94.69999694824219,66.19999694824219,183.16880798339844,396.0,97.0999984741211,158.5,120.0,45.0,114.0,78.80000305175781,282.0,37.400001525878906,133.0,144.0,31.399999618530273,20.0,144.5
2023-08-02 00:00:00+08:00,113.5,25.149999618530273,93.30000305175781,65.5999984741211,178.84197998046875,382.0,95.4000015258789,155.5,113.5,44.70000076293945,110.5,81.80000305175781,261.5,36.70000076293945,126.5,143.5,30.700000762939453,20.0,140.0
2023-08-04 00:00:00+08:00,109.5,25.25,93.0,64.19999694824219,177.3997039794922,353.0,93.69999694824219,157.0,118.0,44.400001525878906,109.0,77.5,261.5,36.45000076293945,126.5,135.0,30.950000762939453,20.049999237060547,138.5
2023-08-07 00:00:00+08:00,117.0,26.200000762939453,92.69999694824219,66.0,181.72653198242188,357.5,95.69999694824219,162.0,120.5,46.45000076293945,111.5,79.0999984741211,271.5,35.04999923706055,129.0,133.5,31.100000381469727,20.0,136.0
2023-08-08 00:00:00+08:00,105.5,26.149999618530273,91.30000305175781,65.9000015258789,184.611083984375,354.5,96.5,171.5,118.0,45.900001525878906,109.0,83.4000015258789,275.0,35.79999923706055,130.0,135.5,30.700000762939453,19.799999237060547,132.5
2023-08-09 00:00:00+08:00,109.5,25.299999237060547,90.30000305175781,65.9000015258789,187.01486206054688,352.0,97.0,178.5,118.0,46.0,111.0,82.30000305175781,272.5,36.150001525878906,127.5,132.0,31.0,19.850000381469727,130.5
2023-08-10 00:00:00+08:00,109.5,25.700000762939453,90.0,64.0999984741211,180.2842559814453,347.0,94.5999984741211,173.0,115.5,44.95000076293945,111.0,79.0,259.0,36.599998474121094,124.5,132.5,30.850000381469727,19.600000381469727,125.0
2023-08-11 00:00:00+08:00,110.0,25.75,91.5,65.9000015258789,172.1113739013672,348.0,95.69999694824219,177.0,119.0,44.70000076293945,110.5,77.5,262.0,35.54999923706055,124.0,134.0,30.950000762939453,19.549999237060547,125.5
2023-08-14 00:00:00+08:00,109.0,25.75,91.0999984741211,65.30000305175781,171.1498565673828,347.5,96.0,170.0,118.0,43.599998474121094,109.5,74.19999694824219,256.5,34.099998474121094,125.5,132.5,30.5,19.450000762939453,124.5
2023-08-15 00:00:00+08:00,110.0,26.549999237060547,91.0999984741211,66.4000015258789,169.70758056640625,345.0,94.80000305175781,176.5,117.5,44.0,110.0,73.0,270.5,34.150001525878906,125.0,130.0,30.450000762939453,19.399999618530273,126.0
2023-08-16 00:00:00+08:00,113.5,29.200000762939453,91.30000305175781,68.4000015258789,171.630615234375,349.0,94.80000305175781,179.5,118.5,43.5,108.0,71.69999694824219,267.5,33.5,125.5,130.0,30.0,19.100000381469727,126.5
2023-08-17 00:00:00+08:00,116.0,30.299999237060547,94.0,69.80000305175781,171.630615234375,349.0,94.5999984741211,188.5,123.0,43.75,108.5,73.4000015258789,272.5,33.5,127.0,131.0,29.850000381469727,19.049999237060547,127.5
2023-08-18 00:00:00+08:00,108.0,31.549999237060547,94.5,70.19999694824219,166.34226989746094,345.5,94.0999984741211,180.5,117.5,42.54999923706055,107.0,71.5,266.0,33.20000076293945,125.0,128.5,29.350000381469727,19.100000381469727,126.5
2023-08-21 00:00:00+08:00,108.5,34.400001525878906,94.9000015258789,70.80000305175781,163.9384765625,346.0,96.0999984741211,185.0,124.0,42.5,108.0,71.69999694824219,266.5,33.0,121.5,127.0,29.049999237060547,19.0,131.5
2023-08-22 00:00:00+08:00,110.0,36.54999923706055,96.30000305175781,71.0999984741211,163.4577178955078,347.5,95.4000015258789,184.0,123.0,42.75,108.5,71.0,276.5,33.900001525878906,120.0,128.0,29.149999618530273,18.799999237060547,132.5
2023-08-23 00:00:00+08:00,115.0,32.900001525878906,95.5,69.69999694824219,164.89999389648438,347.5,95.69999694824219,189.5,127.0,43.45000076293945,109.5,71.30000305175781,280.0,33.29999923706055,121.5,127.0,28.950000762939453,18.899999618530273,131.5
2023-08-24 00:00:00+08:00,113.5,29.649999618530273,95.4000015258789,70.5,166.34226989746094,349.5,96.69999694824219,197.0,127.5,43.70000076293945,113.0,71.80000305175781,295.0,33.29999923706055,120.5,127.0,28.799999237060547,18.950000762939453,132.5
2023-08-25 00:00:00+08:00,120.5,26.700000762939453,95.0,70.30000305175781,164.89999389648438,345.0,96.69999694824219,193.5,128.0,43.5,116.5,71.5,281.5,33.04999923706055,120.5,126.0,28.700000762939453,18.899999618530273,129.0
2023-08-28 00:00:00+08:00,108.5,24.350000381469727,94.9000015258789,68.19999694824219,161.5,345.0,97.19999694824219,194.5,128.0,43.70000076293945,119.0,70.5999984741211,278.0,32.04999923706055,120.0,124.0,28.700000762939453,18.850000381469727,128.5
2023-08-29 00:00:00+08:00,109.0,25.450000762939453,95.80000305175781,69.19999694824219,160.0,346.5,97.69999694824219,191.0,130.5,44.099998474121094,117.5,71.9000015258789,282.0,32.29999923706055,120.0,126.5,28.899999618530273,19.0,129.0
2023-08-30 00:00:00+08:00,114.5,26.399999618530273,95.9000015258789,68.69999694824219,161.0,349.5,98.5,185.5,131.0,44.95000076293945,120.0,74.0,285.5,31.799999237060547,123.0,127.0,29.200000762939453,19.350000381469727,127.5
2023-08-31 00:00:00+08:00,115.0,26.5,98.5999984741211,70.4000015258789,159.5,344.0,99.69999694824219,189.0,134.0,45.29999923706055,118.0,74.30000305175781,280.0,31.5,123.5,128.5,28.600000381469727,19.350000381469727,129.0
2023-09-01 00:00:00+08:00,112.5,28.399999618530273,108.0,70.80000305175781,159.5,344.5,99.9000015258789,184.0,129.5,45.0,118.5,75.5,272.0,32.0,123.5,128.5,29.399999618530273,19.399999618530273,124.0
2023-09-04 00:00:00+08:00,116.0,30.600000381469727,107.0,70.0,161.5,346.0,99.5999984741211,186.0,130.0,45.45000076293945,118.0,75.5,278.0,32.04999923706055,123.5,130.5,29.25,19.399999618530273,122.5
2023-09-05 00:00:00+08:00,118.0,32.099998474121094,107.5,71.0,165.0,346.0,102.5,195.0,132.0,46.099998474121094,118.5,76.30000305175781,276.5,31.799999237060547,128.5,130.0,29.0,19.299999237060547,124.0
2023-09-06 00:00:00+08:00,116.5,31.700000762939453,111.0,71.4000015258789,165.0,344.0,104.0,198.0,140.5,50.400001525878906,118.0,75.30000305175781,276.0,31.649999618530273,129.0,128.5,28.899999618530273,19.25,120.5
2023-09-07 00:00:00+08:00,115.0,30.5,106.5,71.80000305175781,164.5,344.0,104.5,199.5,142.0,48.79999923706055,118.5,75.4000015258789,275.5,31.25,127.5,127.0,28.799999237060547,19.200000762939453,119.5
2023-09-08 00:00:00+08:00,116.5,30.149999618530273,106.0,71.9000015258789,163.5,345.0,103.5,198.0,143.0,48.849998474121094,116.5,74.4000015258789,272.0,30.950000762939453,127.0,127.5,28.899999618530273,19.0,119.5
2023-09-11 00:00:00+08:00,105.5,30.350000381469727,105.0,70.0,162.0,339.0,103.5,195.0,142.0,48.20000076293945,113.5,73.0,270.0,30.350000381469727,126.5,128.5,29.0,18.899999618530273,116.5
2023-09-12 00:00:00+08:00,103.0,29.700000762939453,106.0,72.30000305175781,164.5,346.0,103.0,194.0,142.0,50.79999923706055,115.5,71.5999984741211,266.5,30.700000762939453,128.5,131.0,29.200000762939453,18.850000381469727,117.0
2023-09-13 00:00:00+08:00,101.0,28.700000762939453,105.5,77.9000015258789,164.5,347.0,105.0,203.0,140.0,50.400001525878906,112.5,72.0,261.5,30.700000762939453,130.0,136.0,29.100000381469727,18.899999618530273,116.0
2023-09-14 00:00:00+08:00,111.0,28.600000381469727,107.0,75.0,168.0,352.5,105.0,204.0,146.5,50.79999923706055,115.5,72.69999694824219,261.5,30.799999237060547,132.0,135.0,29.399999618530273,19.0,118.0
2023-09-15 00:00:00+08:00,120.0,28.299999237060547,108.0,75.5,171.5,351.0,105.5,211.5,147.0,54.400001525878906,116.0,74.30000305175781,261.5,30.649999618530273,132.5,133.0,29.600000381469727,18.950000762939453,114.5
2023-09-18 00:00:00+08:00,122.5,27.799999237060547,108.0,77.19999694824219,168.5,345.0,105.0,206.0,147.0,57.599998474121094,113.5,73.9000015258789,256.5,30.5,134.0,133.5,29.200000762939453,18.899999618530273,113.0
2023-09-19 00:00:00+08:00,118.0,27.149999618530273,106.0,80.80000305175781,166.0,345.0,104.5,212.0,154.0,56.900001525878906,114.0,75.80000305175781,255.0,30.25,132.5,135.5,29.200000762939453,18.899999618530273,112.0
2023-09-20 00:00:00+08:00,115.5,27.350000381469727,103.5,79.80000305175781,175.5,342.5,104.5,204.5,148.0,56.599998474121094,114.5,75.4000015258789,261.5,29.950000762939453,130.5,131.5,29.049999237060547,18.950000762939453,111.0
2023-09-21 00:00:00+08:00,119.0,27.700000762939453,99.5999984741211,76.69999694824219,172.5,336.5,103.0,192.0,138.0,55.5,112.0,73.4000015258789,255.5,29.600000381469727,127.5,130.5,28.799999237060547,18.850000381469727,109.5
2023-09-22 00:00:00+08:00,120.0,30.25,103.5,77.9000015258789,171.0,347.0,102.5,192.5,139.0,55.599998474121094,112.0,72.30000305175781,264.0,29.649999618530273,128.0,132.0,28.899999618530273,18.899999618530273,110.0
2023-09-25 00:00:00+08:00,122.0,30.100000381469727,103.0,77.5999984741211,170.5,349.5,104.0,194.5,141.0,54.70000076293945,112.5,77.5999984741211,271.5,30.0,126.5,131.5,29.75,18.950000762939453,111.0
2023-09-26 00:00:00+08:00,117.0,29.850000381469727,101.5,76.0999984741211,168.5,346.0,102.5,195.5,139.0,54.29999923706055,109.0,75.9000015258789,271.5,29.75,125.5,129.0,29.399999618530273,18.950000762939453,113.0
2023-09-27 00:00:00+08:00,121.5,30.600000381469727,102.0,76.0999984741211,167.0,346.5,101.5,196.5,137.0,53.79999923706055,109.5,75.0999984741211,274.0,30.0,124.5,130.5,28.899999618530273,18.899999618530273,113.5
2023-09-28 00:00:00+08:00,118.5,30.450000762939453,102.5,77.5999984741211,164.0,345.0,101.5,192.5,138.0,53.0,109.5,77.69999694824219,276.0,29.75,125.0,132.0,28.649999618530273,18.799999237060547,115.5
2023-10-02 00:00:00+08:00,123.0,29.899999618530273,103.5,79.5999984741211,167.5,344.5,104.0,211.5,137.0,54.29999923706055,111.0,76.5999984741211,281.5,29.450000762939453,126.0,132.0,28.950000762939453,18.799999237060547,116.0
2023-10-03 00:00:00+08:00,118.0,29.950000762939453,100.5,80.30000305175781,167.0,343.5,102.5,206.5,133.0,52.0,110.5,75.69999694824219,276.0,28.899999618530273,125.0,130.0,28.75,18.700000762939453,117.0
2023-10-04 00:00:00+08:00,118.5,30.0,99.30000305175781,79.5,164.5,343.5,102.0,206.5,130.5,52.099998474121094,109.5,73.4000015258789,265.5,28.299999237060547,125.0,127.5,28.549999237060547,18.649999618530273,114.0
2023-10-05 00:00:00+08:00,117.0,31.0,100.0,78.5999984741211,166.5,346.0,100.5,199.5,130.0,52.599998474121094,112.0,73.9000015258789,269.5,29.75,126.5,130.0,28.549999237060547,18.700000762939453,114.0
2023-10-06 00:00:00+08:00,116.0,32.650001525878906,99.9000015258789,77.80000305175781,168.0,345.5,102.0,195.5,130.0,51.79999923706055,110.5,73.80000305175781,269.5,29.25,128.0,131.0,29.049999237060547,18.700000762939453,114.5
2023-10-11 00:00:00+08:00,108.0,32.20000076293945,102.0,77.5999984741211,168.5,343.5,103.0,193.0,128.0,52.20000076293945,115.5,72.4000015258789,253.0,28.350000381469727,126.0,131.5,29.25,18.799999237060547,112.0
2023-10-12 00:00:00+08:00,118.5,32.599998474121094,108.0,80.4000015258789,172.5,353.0,104.5,193.5,133.0,54.20000076293945,116.5,73.9000015258789,236.0,29.200000762939453,128.5,132.5,29.049999237060547,18.75,111.0
2023-10-13 00:00:00+08:00,122.0,31.299999237060547,108.0,79.0,166.5,345.0,107.0,187.0,135.5,53.20000076293945,116.5,73.5999984741211,233.0,28.700000762939453,131.0,131.5,28.75,18.799999237060547,109.0
2023-10-16 00:00:00+08:00,122.5,30.200000762939453,108.5,76.5999984741211,164.0,344.5,105.0,180.0,130.0,53.29999923706055,116.0,71.30000305175781,229.0,27.5,130.5,131.0,28.649999618530273,18.75,106.5
2023-10-17 00:00:00+08:00,134.5,30.399999618530273,107.0,76.4000015258789,162.0,343.0,107.5,176.0,130.0,53.900001525878906,116.0,70.80000305175781,229.5,26.850000381469727,130.0,130.0,28.649999618530273,18.600000381469727,104.5
2023-10-18 00:00:00+08:00,121.5,29.5,105.5,74.5,160.5,343.0,109.0,169.5,126.0,52.099998474121094,116.0,68.19999694824219,224.0,26.600000381469727,130.0,129.0,29.25,19.149999618530273,103.5
2023-10-19 00:00:00+08:00,122.5,29.100000381469727,106.0,77.5,159.0,339.0,107.0,169.5,128.0,52.29999923706055,116.0,68.9000015258789,218.0,26.950000762939453,132.5,127.5,29.350000381469727,18.950000762939453,101.5
2023-10-20 00:00:00+08:00,116.5,32.0,106.5,73.80000305175781,156.5,333.0,107.0,164.0,126.0,52.099998474121094,118.5,67.80000305175781,221.5,26.5,132.5,127.0,29.149999618530273,18.75,101.5
2023-10-23 00:00:00+08:00,114.5,33.5,106.5,73.0,157.5,333.0,106.5,164.5,125.5,52.70000076293945,115.0,68.5,221.5,27.200000762939453,128.0,125.5,29.049999237060547,18.799999237060547,101.5
2023-10-24 00:00:00+08:00,117.5,32.900001525878906,108.5,75.0999984741211,161.0,336.0,107.5,172.0,128.0,52.900001525878906,114.0,70.0,225.5,27.700000762939453,130.0,125.5,29.25,19.049999237060547,100.5
2023-10-25 00:00:00+08:00,124.0,33.70000076293945,107.5,74.19999694824219,164.5,336.0,106.0,175.5,132.5,53.70000076293945,114.0,70.80000305175781,228.5,27.549999237060547,129.0,127.0,29.25,19.149999618530273,103.5
2023-10-26 00:00:00+08:00,119.0,32.79999923706055,103.5,73.0,165.5,330.5,106.5,171.5,129.5,52.20000076293945,112.0,69.5999984741211,224.5,27.299999237060547,127.0,125.0,29.350000381469727,19.100000381469727,101.0
2023-10-27 00:00:00+08:00,117.0,31.799999237060547,103.0,73.5999984741211,167.5,333.5,105.0,173.5,129.0,52.20000076293945,113.5,68.30000305175781,220.0,27.850000381469727,125.5,126.5,29.100000381469727,19.049999237060547,100.0
2023-10-30 00:00:00+08:00,123.0,32.849998474121094,104.5,74.4000015258789,168.0,332.5,105.5,173.0,129.9567413330078,53.5,112.0,67.69999694824219,224.0,27.399999618530273,128.0,126.0,28.950000762939453,19.049999237060547,99.0999984741211
2023-10-31 00:00:00+08:00,119.0,31.149999618530273,104.5,72.30000305175781,165.0,331.5,105.0,165.0,125.5263900756836,52.79999923706055,113.5,66.5,218.0,27.399999618530273,127.0,124.5,28.850000381469727,18.899999618530273,94.69999694824219
2023-11-01 00:00:00+08:00,120.0,30.799999237060547,111.0,72.80000305175781,166.0,331.5,106.0,165.5,121.58831024169922,52.70000076293945,114.5,67.30000305175781,211.0,28.600000381469727,128.5,126.0,28.899999618530273,18.850000381469727,94.9000015258789
2023-11-02 00:00:00+08:00,132.0,32.25,118.5,73.5,170.5,331.5,108.0,172.5,133.40255737304688,54.099998474121094,116.0,68.9000015258789,210.5,28.850000381469727,131.0,128.0,29.350000381469727,18.850000381469727,96.0
2023-11-03 00:00:00+08:00,145.0,32.599998474121094,122.0,75.69999694824219,170.0,338.5,108.0,178.0,136.84837341308594,54.400001525878906,117.5,69.80000305175781,214.5,30.0,127.5,127.5,29.600000381469727,18.850000381469727,97.69999694824219
2023-11-06 00:00:00+08:00,135.0,32.650001525878906,123.5,76.5999984741211,172.5,345.0,108.0,180.5,136.3561248779297,53.900001525878906,118.5,71.5,219.5,30.100000381469727,128.5,128.0,29.549999237060547,18.850000381469727,99.0999984741211
2023-11-07 00:00:00+08:00,133.5,32.650001525878906,124.5,77.69999694824219,171.0,344.5,108.0,180.0,135.86386108398438,54.400001525878906,117.5,71.69999694824219,217.5,29.600000381469727,130.5,128.5,29.649999618530273,18.850000381469727,98.4000015258789
2023-11-08 00:00:00+08:00,129.0,31.799999237060547,123.5,80.80000305175781,173.0,345.0,107.5,182.0,139.0,54.900001525878906,117.5,72.4000015258789,218.5,29.25,131.0,128.5,29.700000762939453,18.799999237060547,98.5999984741211
2023-11-09 00:00:00+08:00,129.0,31.75,124.0,79.9000015258789,172.0,341.5,107.5,186.5,137.0,54.79999923706055,118.0,72.80000305175781,212.5,29.649999618530273,129.5,128.5,29.600000381469727,18.799999237060547,96.69999694824219
2023-11-10 00:00:00+08:00,126.0,32.099998474121094,121.5,79.5,174.5,340.0,107.5,196.0,137.0,57.20000076293945,117.5,73.0,208.5,29.700000762939453,131.0,127.0,29.450000762939453,18.799999237060547,95.9000015258789
2023-11-13 00:00:00+08:00,138.5,32.400001525878906,121.5,80.5999984741211,166.0,342.5,106.5,197.5,138.0,59.099998474121094,122.5,71.80000305175781,205.0,29.549999237060547,132.5,126.0,29.100000381469727,18.799999237060547,95.9000015258789
2023-11-14 00:00:00+08:00,149.5,31.950000762939453,116.5,80.80000305175781,166.5,342.5,108.5,200.5,138.0,57.70000076293945,123.5,71.5,208.0,29.350000381469727,133.0,127.5,29.049999237060547,18.850000381469727,95.5
2023-11-15 00:00:00+08:00,158.5,31.700000762939453,117.0,80.69999694824219,168.0,353.0,109.0,196.5,136.0,57.099998474121094,126.0,72.4000015258789,206.5,30.25,138.0,131.0,30.200000762939453,18.899999618530273,97.80000305175781
2023-11-16 00:00:00+08:00,160.0,31.75,117.0,82.30000305175781,164.5,346.5,108.5,196.5,139.0,57.20000076293945,125.0,73.30000305175781,208.0,32.0,136.5,129.0,30.700000762939453,18.850000381469727,98.80000305175781
2023-11-17 00:00:00+08:00,164.0,31.25,119.5,90.5,166.0,348.0,108.0,196.0,136.5,59.0,125.5,73.30000305175781,206.0,32.150001525878906,138.5,129.5,30.799999237060547,19.049999237060547,100.5
2023-11-20 00:00:00+08:00,166.0,30.899999618530273,116.0,99.5,165.0,344.5,107.0,192.5,138.0,63.0,124.0,73.0,211.0,31.549999237060547,138.5,129.0,30.149999618530273,19.049999237060547,101.0
2023-11-21 00:00:00+08:00,168.5,31.149999618530273,116.5,109.0,170.0,352.5,107.0,196.0,143.0,64.5,127.0,73.5,213.0,31.399999618530273,138.0,130.5,30.649999618530273,19.100000381469727,101.0
2023-11-22 00:00:00+08:00,170.5,32.5,120.0,109.0,169.5,345.0,108.0,193.5,143.0,64.69999694824219,126.5,73.80000305175781,211.5,31.5,140.5,129.5,30.399999618530273,18.649999618530273,101.0
2023-11-23 00:00:00+08:00,163.5,31.75,122.0,103.0,169.0,346.0,108.0,190.5,138.0,64.9000015258789,127.0,74.5,217.5,32.20000076293945,139.5,128.5,30.799999237060547,18.399999618530273,101.0
2023-11-24 00:00:00+08:00,165.0,32.54999923706055,124.0,102.0,169.0,348.0,107.5,189.0,136.5,67.5999984741211,126.5,74.69999694824219,219.5,31.25,139.0,128.5,30.600000381469727,18.600000381469727,106.5
2023-11-27 00:00:00+08:00,160.0,32.79999923706055,120.0,97.5999984741211,167.5,345.5,108.5,182.5,133.0,69.69999694824219,126.0,73.19999694824219,213.5,30.899999618530273,141.5,126.5,30.75,18.649999618530273,104.0
2023-11-28 00:00:00+08:00,168.0,34.0,127.0,99.19999694824219,168.0,349.5,109.5,185.0,136.5,74.19999694824219,125.5,73.5,211.0,31.450000762939453,144.0,128.5,31.0,18.75,105.0
2023-11-29 00:00:00+08:00,170.5,35.0,139.5,103.0,181.0,354.0,112.0,190.5,138.0,74.80000305175781,127.0,73.4000015258789,211.5,31.0,149.5,127.5,30.899999618530273,18.850000381469727,101.5
2023-11-30 00:00:00+08:00,172.5,35.04999923706055,136.5,101.5,183.5,353.5,112.0,193.0,136.5,73.30000305175781,128.0,72.80000305175781,215.0,31.299999237060547,148.5,129.5,30.899999618530273,18.799999237060547,103.5
2023-12-01 00:00:00+08:00,176.5,36.45000076293945,140.0,105.0,185.0,354.5,115.0,193.5,136.5,72.0999984741211,128.0,73.80000305175781,216.5,31.100000381469727,149.5,129.5,30.799999237060547,18.850000381469727,104.5
2023-12-04 00:00:00+08:00,173.0,38.5,140.5,103.5,183.5,356.5,115.5,197.5,139.5,72.9000015258789,130.0,73.19999694824219,216.0,31.5,149.5,129.5,31.049999237060547,19.0,111.0
2023-12-05 00:00:00+08:00,169.5,38.79999923706055,136.5,100.5,178.0,351.0,117.0,199.0,139.5,71.9000015258789,129.5,72.5,212.0,31.149999618530273,146.0,129.5,31.100000381469727,19.0,122.0
2023-12-06 00:00:00+08:00,170.5,40.5,134.0,102.0,176.5,350.0,117.5,199.0,138.0,71.0999984741211,129.0,73.69999694824219,215.0,31.450000762939453,145.5,128.5,31.049999237060547,19.0,130.5
2023-12-07 00:00:00+08:00,166.0,40.900001525878906,133.0,103.5,180.0,351.5,115.5,198.0,136.5,69.19999694824219,126.5,73.0,212.5,32.20000076293945,142.0,128.0,30.950000762939453,19.0,132.5
2023-12-08 00:00:00+08:00,174.0,42.099998474121094,132.5,103.0,179.0,352.0,121.5,201.0,140.5,69.0,129.5,73.19999694824219,212.0,32.349998474121094,143.0,128.5,31.100000381469727,19.049999237060547,129.0
2023-12-11 00:00:00+08:00,161.5,41.900001525878906,134.5,103.0,177.0,363.5,123.0,193.5,149.5,69.0,131.0,74.0,209.5,32.04999923706055,145.5,128.0,31.200000762939453,19.0,127.5
2023-12-12 00:00:00+08:00,163.5,42.95000076293945,132.0,104.5,177.0,364.5,131.0,198.0,155.5,70.9000015258789,129.5,73.19999694824219,194.0,31.799999237060547,145.0,127.5,31.0,19.100000381469727,125.0
2023-12-13 00:00:00+08:00,161.0,43.54999923706055,132.5,106.0,178.0,366.0,135.0,208.5,167.0,74.4000015258789,130.0,72.80000305175781,198.0,31.649999618530273,143.5,126.5,30.799999237060547,19.100000381469727,124.0
2023-12-14 00:00:00+08:00,165.0,40.70000076293945,134.0,112.5,181.5,367.5,148.5,209.5,167.5,74.5,133.5,72.9000015258789,210.0,31.75,148.5,127.5,31.149999618530273,19.100000381469727,127.5
2023-12-15 00:00:00+08:00,156.0,40.70000076293945,130.5,108.5,179.0,365.0,152.5,206.0,165.5,72.9000015258789,131.0,72.0999984741211,211.0,31.75,141.0,129.5,30.899999618530273,19.149999618530273,123.0
2023-12-18 00:00:00+08:00,152.5,38.900001525878906,128.5,107.0,180.5,362.0,148.5,207.0,164.0,71.5999984741211,131.5,70.80000305175781,207.0,30.850000381469727,137.5,129.0,31.649999618530273,19.100000381469727,119.5
2023-12-19 00:00:00+08:00,152.0,35.849998474121094,125.0,106.0,181.5,360.5,147.5,198.5,157.0,70.9000015258789,131.5,70.30000305175781,207.0,30.149999618530273,139.0,128.0,31.899999618530273,19.049999237060547,117.0
2023-12-20 00:00:00+08:00,151.5,36.45000076293945,124.5,106.0,184.5,358.0,145.0,197.0,156.5,72.0,131.5,70.5999984741211,209.0,30.600000381469727,137.5,127.0,31.850000381469727,19.100000381469727,117.5
2023-12-21 00:00:00+08:00,151.5,35.75,123.5,102.5,181.5,359.5,144.5,193.5,152.0,73.30000305175781,130.0,70.30000305175781,205.0,31.149999618530273,137.5,125.5,31.75,19.0,115.5
2023-12-22 00:00:00+08:00,155.5,38.0,122.0,109.0,184.0,359.5,144.0,195.0,153.0,72.0999984741211,131.5,70.5999984741211,207.5,31.899999618530273,139.5,125.5,31.450000762939453,18.899999618530273,116.5
2023-12-25 00:00:00+08:00,156.5,35.849998474121094,124.0,106.0,193.0,364.0,143.5,194.5,152.5,71.5,131.0,70.69999694824219,207.0,31.75,140.0,125.5,30.950000762939453,18.850000381469727,116.5
2023-12-26 00:00:00+08:00,157.0,36.0,122.5,107.0,195.5,362.0,148.0,195.0,157.5,72.5,132.5,70.5999984741211,208.5,31.600000381469727,140.0,126.5,30.850000381469727,18.850000381469727,114.0
2023-12-27 00:00:00+08:00,153.0,36.099998474121094,122.0,105.5,200.0,367.5,143.5,191.5,158.5,72.80000305175781,133.5,70.69999694824219,211.5,31.100000381469727,139.5,126.5,31.0,18.899999618530273,114.5
2023-12-28 00:00:00+08:00,154.0,36.0,123.0,106.0,201.5,369.0,142.0,190.0,159.0,70.80000305175781,135.5,71.5999984741211,212.0,31.25,142.0,127.5,31.100000381469727,18.950000762939453,125.5
2023-12-29 00:00:00+08:00,156.5,36.29999923706055,123.0,111.0,204.0,372.0,141.0,195.0,156.0,70.69999694824219,135.0,71.4000015258789,213.0,31.450000762939453,142.0,128.0,30.899999618530273,18.899999618530273,118.5
